{"user":{"9bd878b3-bd96-4a6f-8cb4-0b95cf35bc7f":{"id":"9bd878b3-bd96-4a6f-8cb4-0b95cf35bc7f","temp_secret":{"ascii":"tAOiJ$e.M7mc52z.*07i{0xwXFvSQc/[","hex":"74414f694a24652e4d376d6335327a2e2a3037697b3078775846765351632f5b","base32":"ORAU62KKERSS4TJXNVRTKMT2FYVDAN3JPMYHQ52YIZ3FGULDF5NQ","otpauth_url":"otpauth://totp/SecretKey?secret=ORAU62KKERSS4TJXNVRTKMT2FYVDAN3JPMYHQ52YIZ3FGULDF5NQ"}},"88d275fa-6ae0-462c-9235-960fc0847085":{"id":"88d275fa-6ae0-462c-9235-960fc0847085","temp_secret":{"ascii":"}1<CQk09W8){ttydW!*@A>gIDcoOyb8#","hex":"7d313c43516b30395738297b7474796457212a40413e674944636f4f79623823","base32":"PUYTYQ2RNMYDSVZYFF5XI5DZMRLSCKSAIE7GOSKEMNXU66LCHARQ","otpauth_url":"otpauth://totp/SecretKey?secret=PUYTYQ2RNMYDSVZYFF5XI5DZMRLSCKSAIE7GOSKEMNXU66LCHARQ"}},"58c4d378-649b-4168-b1f8-5f80a538f564":{"id":"58c4d378-649b-4168-b1f8-5f80a538f564","temp_secret":{"ascii":"aTR?[0wrr27{O9Lc^RfXg0UlfTF9vQM2","hex":"6154523f5b3077727232377b4f394c635e5266586730556c6654463976514d32","base32":"MFKFEP23GB3XE4RSG55U6OKMMNPFEZSYM4YFK3DGKRDDS5SRJUZA","otpauth_url":"otpauth://totp/SecretKey?secret=MFKFEP23GB3XE4RSG55U6OKMMNPFEZSYM4YFK3DGKRDDS5SRJUZA"}},"3ea7368e-c177-4196-bc40-12621d73a638":{"id":"3ea7368e-c177-4196-bc40-12621d73a638","secret":{"ascii":"xev4T?WC$8X]V?W6$vB(5Nc.%.FoVci4","hex":"78657634543f57432438585d563f573624764228354e632e252e466f56636934","base32":"PBSXMNCUH5LUGJBYLBOVMP2XGYSHMQRIGVHGGLRFFZDG6VTDNE2A","otpauth_url":"otpauth://totp/SecretKey?secret=PBSXMNCUH5LUGJBYLBOVMP2XGYSHMQRIGVHGGLRFFZDG6VTDNE2A"}},"799c38e1-8a23-439d-93ac-87dcaeb87952":{"id":"799c38e1-8a23-439d-93ac-87dcaeb87952","temp_secret":{"ascii":"XG#;^)WgQzzXSNK9/va9V28^6#,,G9r5","hex":"5847233b5e295767517a7a58534e4b392f7661395632385e36232c2c47397235","base32":"LBDSGO26FFLWOUL2PJMFGTSLHEXXMYJZKYZDQXRWEMWCYRZZOI2Q","otpauth_url":"otpauth://totp/SecretKey?secret=LBDSGO26FFLWOUL2PJMFGTSLHEXXMYJZKYZDQXRWEMWCYRZZOI2Q"}},"db6750a2-f1c7-4fe2-97e8-e012de704de7":{"id":"db6750a2-f1c7-4fe2-97e8-e012de704de7","secret":{"ascii":";?8acGFg4f{6,l0l)srOg@SIK?R/5#$Q","hex":"3b3f38616347466734667b362c6c306c2973724f674053494b3f522f35232451","base32":"HM7TQYLDI5DGONDGPM3CY3BQNQUXG4SPM5AFGSKLH5JC6NJDERIQ","otpauth_url":"otpauth://totp/SecretKey?secret=HM7TQYLDI5DGONDGPM3CY3BQNQUXG4SPM5AFGSKLH5JC6NJDERIQ"}}}}